Ticker,Score,Stage,Signals,Mom10,Accel,Vol,VCP,RS,Price,VolRatio5,BreakoutProx,Contraction,Ma20_Dist,Slope,Curvature,SearchQuery,GoogleURL,RedditURL,TwitterURL
ET,41,[VOODOO_ENTRY],"VOODOO,TIGHT,ENTRY_ZONE,HOOK",-2.4,-1.1,13.7,,77.4,19.19,0.33,0.976,0.52,1.005,0.0105,2.09,ET stock compression VCP inflection top pick technical analysis,https://www.google.com/search?q=ET%20stock%20compression%20VCP%20inflection%20top%20pick%20technical%20analysis,https://www.reddit.com/search/?q=ET%20stock,https://twitter.com/search?q=ET%20stock&f=live
IAG,38,[VOODOO_ENTRY],"VOODOO,TIGHT,HOOK,THRUST",12.9,4.6,68.7,V,78.8,20.02,0.66,1.0,0.762,1.086,-0.0689,5.0,IAG stock compression VCP inflection momentum top pick technical analysis,https://www.google.com/search?q=IAG%20stock%20compression%20VCP%20inflection%20momentum%20top%20pick%20technical%20analysis,https://www.reddit.com/search/?q=IAG%20stock,https://twitter.com/search?q=IAG%20stock&f=live
SO,33,[VOODOO_ENTRY],"VOODOO,TIGHT,ENTRY_ZONE",1.7,1.1,15.8,V,75.5,97.15,0.84,0.98,0.553,1.008,-0.0002,0.0,SO stock compression VCP top pick technical analysis,https://www.google.com/search?q=SO%20stock%20compression%20VCP%20top%20pick%20technical%20analysis,https://www.reddit.com/search/?q=SO%20stock,https://twitter.com/search?q=SO%20stock&f=live
RIG,33,[VOODOO_ENTRY],"VOODOO,TIGHT,ENTRY_ZONE",-5.9,-3.6,45.1,V,100.0,6.52,0.89,0.941,0.552,0.994,0.0291,-1.75,RIG stock compression VCP top pick technical analysis,https://www.google.com/search?q=RIG%20stock%20compression%20VCP%20top%20pick%20technical%20analysis,https://www.reddit.com/search/?q=RIG%20stock,https://twitter.com/search?q=RIG%20stock&f=live
ROIV,31,[ROCKET],"VOODOO,ENTRY_ZONE,HOOK",6.4,0.6,30.2,V,90.9,28.21,0.78,0.991,0.3,1.017,-0.0187,5.0,ROIV stock compression VCP inflection top pick technical analysis,https://www.google.com/search?q=ROIV%20stock%20compression%20VCP%20inflection%20top%20pick%20technical%20analysis,https://www.reddit.com/search/?q=ROIV%20stock,https://twitter.com/search?q=ROIV%20stock&f=live
KO,31,[ROCKET],"VOODOO,ENTRY_ZONE,HOOK",2.3,0.2,16.3,,72.4,77.47,0.94,0.991,0.0,1.016,-0.0043,5.0,KO stock compression VCP inflection top pick technical analysis,https://www.google.com/search?q=KO%20stock%20compression%20VCP%20inflection%20top%20pick%20technical%20analysis,https://www.reddit.com/search/?q=KO%20stock,https://twitter.com/search?q=KO%20stock&f=live
ENB,31,[ROCKET],"VOODOO,ENTRY_ZONE,HOOK",-0.5,0.6,13.8,V,90.4,54.32,0.84,0.995,0.161,1.003,0.0022,5.0,ENB stock compression VCP inflection top pick technical analysis,https://www.google.com/search?q=ENB%20stock%20compression%20VCP%20inflection%20top%20pick%20technical%20analysis,https://www.reddit.com/search/?q=ENB%20stock,https://twitter.com/search?q=ENB%20stock&f=live
NEE,31,[ROCKET],"VOODOO,ENTRY_ZONE,HOOK",2.9,0.1,17.5,V,85.1,94.08,0.87,0.996,0.425,1.019,0.0071,4.15,NEE stock compression VCP inflection top pick technical analysis,https://www.google.com/search?q=NEE%20stock%20compression%20VCP%20inflection%20top%20pick%20technical%20analysis,https://www.reddit.com/search/?q=NEE%20stock,https://twitter.com/search?q=NEE%20stock&f=live
MO,31,[ROCKET],"VOODOO,ENTRY_ZONE,HOOK",1.4,0.3,19.0,,76.9,67.38,0.87,0.999,0.391,1.028,0.001,5.0,MO stock compression VCP inflection top pick technical analysis,https://www.google.com/search?q=MO%20stock%20compression%20VCP%20inflection%20top%20pick%20technical%20analysis,https://www.reddit.com/search/?q=MO%20stock,https://twitter.com/search?q=MO%20stock&f=live
PL,30,[VOODOO_ENTRY],"VOODOO,TIGHT,THRUST",12.3,-40.9,145.8,,100.0,34.67,0.75,0.949,0.574,1.11,0.124,-0.14,PL stock compression VCP momentum top pick technical analysis,https://www.google.com/search?q=PL%20stock%20compression%20VCP%20momentum%20top%20pick%20technical%20analysis,https://www.reddit.com/search/?q=PL%20stock,https://twitter.com/search?q=PL%20stock&f=live
ERAS,30,[VOODOO_ENTRY],"VOODOO,TIGHT,THRUST",13.6,-25.5,81.4,,100.0,17.01,0.76,0.955,0.544,1.097,0.05,-0.13,ERAS stock compression VCP momentum top pick technical analysis,https://www.google.com/search?q=ERAS%20stock%20compression%20VCP%20momentum%20top%20pick%20technical%20analysis,https://www.reddit.com/search/?q=ERAS%20stock,https://twitter.com/search?q=ERAS%20stock&f=live
PCG,28,[ROCKET],"VOODOO,HOOK,THRUST",8.3,2.4,27.1,,90.7,18.54,0.61,0.995,0.0,1.041,-0.011,5.0,PCG stock compression VCP inflection momentum top pick technical analysis,https://www.google.com/search?q=PCG%20stock%20compression%20VCP%20inflection%20momentum%20top%20pick%20technical%20analysis,https://www.reddit.com/search/?q=PCG%20stock,https://twitter.com/search?q=PCG%20stock&f=live
ITUB,28,[ROCKET],"VOODOO,HOOK,THRUST",16.4,-7.2,42.2,,100.0,9.16,1.01,1.0,0.228,1.11,0.0121,2.33,ITUB stock compression VCP inflection momentum top pick technical analysis,https://www.google.com/search?q=ITUB%20stock%20compression%20VCP%20inflection%20momentum%20top%20pick%20technical%20analysis,https://www.reddit.com/search/?q=ITUB%20stock,https://twitter.com/search?q=ITUB%20stock&f=live
ADI,28,[ROCKET],"VOODOO,HOOK,THRUST",13.9,-7.4,34.5,,89.7,350.14,0.85,0.997,0.0,1.094,0.0032,2.07,ADI stock compression VCP inflection momentum top pick technical analysis,https://www.google.com/search?q=ADI%20stock%20compression%20VCP%20inflection%20momentum%20top%20pick%20technical%20analysis,https://www.reddit.com/search/?q=ADI%20stock,https://twitter.com/search?q=ADI%20stock&f=live
AAOI,28,[FIRE],"TIGHT,LAUNCH,HOOK,THRUST,OVERHEAT",53.3,-15.4,166.9,V,100.0,150.6,1.32,1.0,0.462,1.448,0.0212,3.21,AAOI stock breakout high volume inflection momentum top pick technical analysis,https://www.google.com/search?q=AAOI%20stock%20breakout%20high%20volume%20inflection%20momentum%20top%20pick%20technical%20analysis,https://www.reddit.com/search/?q=AAOI%20stock,https://twitter.com/search?q=AAOI%20stock&f=live
TXN,28,[ROCKET],"VOODOO,HOOK,THRUST",12.8,-4.9,31.8,,77.4,214.73,0.82,0.999,0.019,1.096,0.0054,2.56,TXN stock compression VCP inflection momentum top pick technical analysis,https://www.google.com/search?q=TXN%20stock%20compression%20VCP%20inflection%20momentum%20top%20pick%20technical%20analysis,https://www.reddit.com/search/?q=TXN%20stock,https://twitter.com/search?q=TXN%20stock&f=live
NFLX,28,[ROCKET],"VOODOO,HOOK,THRUST",10.3,-4.0,26.4,V,86.6,103.01,0.83,1.0,0.349,1.078,0.005,2.12,NFLX stock compression VCP inflection momentum top pick technical analysis,https://www.google.com/search?q=NFLX%20stock%20compression%20VCP%20inflection%20momentum%20top%20pick%20technical%20analysis,https://www.reddit.com/search/?q=NFLX%20stock,https://twitter.com/search?q=NFLX%20stock&f=live
VRT,28,[ROCKET],"VOODOO,HOOK,THRUST",17.5,0.0,65.1,,100.0,295.11,1.07,1.0,0.279,1.118,0.015,4.01,VRT stock compression VCP inflection momentum top pick technical analysis,https://www.google.com/search?q=VRT%20stock%20compression%20VCP%20inflection%20momentum%20top%20pick%20technical%20analysis,https://www.reddit.com/search/?q=VRT%20stock,https://twitter.com/search?q=VRT%20stock&f=live
VALE,25,[FIRE],"LAUNCH,THRUST",12.8,-10.5,37.9,V,86.2,16.96,1.66,1.0,0.292,1.098,0.0169,1.44,VALE stock breakout high volume momentum top pick technical analysis,https://www.google.com/search?q=VALE%20stock%20breakout%20high%20volume%20momentum%20top%20pick%20technical%20analysis,https://www.reddit.com/search/?q=VALE%20stock,https://twitter.com/search?q=VALE%20stock&f=live
TERN,25,[VOODOO_ENTRY],"VOODOO,TIGHT",-0.5,-13.4,30.3,V,100.0,52.63,0.38,0.99,0.896,1.035,0.0887,-0.1,TERN stock compression VCP top pick technical analysis,https://www.google.com/search?q=TERN%20stock%20compression%20VCP%20top%20pick%20technical%20analysis,https://www.reddit.com/search/?q=TERN%20stock,https://twitter.com/search?q=TERN%20stock&f=live
HPE,25,[VOODOO_ENTRY],"VOODOO,TIGHT",4.0,-14.8,55.1,,80.8,24.89,0.95,0.965,0.785,1.061,0.0594,0.36,HPE stock compression VCP top pick technical analysis,https://www.google.com/search?q=HPE%20stock%20compression%20VCP%20top%20pick%20technical%20analysis,https://www.reddit.com/search/?q=HPE%20stock,https://twitter.com/search?q=HPE%20stock&f=live
TGT,23,[ROCKET],"VOODOO,ENTRY_ZONE",1.7,-4.1,22.5,,78.2,121.89,0.96,0.983,0.0,1.029,0.009,-0.28,TGT stock compression VCP top pick technical analysis,https://www.google.com/search?q=TGT%20stock%20compression%20VCP%20top%20pick%20technical%20analysis,https://www.reddit.com/search/?q=TGT%20stock,https://twitter.com/search?q=TGT%20stock&f=live
HUN,23,[ROCKET],"VOODOO,HOOK",7.8,-4.6,68.8,V,88.5,13.65,0.57,1.0,0.262,1.1,0.0368,2.74,HUN stock compression VCP inflection top pick technical analysis,https://www.google.com/search?q=HUN%20stock%20compression%20VCP%20inflection%20top%20pick%20technical%20analysis,https://www.reddit.com/search/?q=HUN%20stock,https://twitter.com/search?q=HUN%20stock&f=live
SHEL,23,[ROCKET],"VOODOO,ENTRY_ZONE",0.0,-4.6,16.7,V,100.0,92.21,0.82,0.979,0.0,1.003,0.04,-2.06,SHEL stock compression VCP top pick technical analysis,https://www.google.com/search?q=SHEL%20stock%20compression%20VCP%20top%20pick%20technical%20analysis,https://www.reddit.com/search/?q=SHEL%20stock,https://twitter.com/search?q=SHEL%20stock&f=live
PR,23,[ROCKET],"VOODOO,ENTRY_ZONE",-4.6,-9.9,30.7,,100.0,20.66,0.78,0.954,0.0,1.006,0.0523,-1.28,PR stock compression VCP top pick technical analysis,https://www.google.com/search?q=PR%20stock%20compression%20VCP%20top%20pick%20technical%20analysis,https://www.reddit.com/search/?q=PR%20stock,https://twitter.com/search?q=PR%20stock&f=live
PEP,23,[ROCKET],"VOODOO,ENTRY_ZONE",2.6,2.0,20.6,,71.2,157.06,0.91,0.982,0.0,1.016,-0.0155,0.0,PEP stock compression VCP top pick technical analysis,https://www.google.com/search?q=PEP%20stock%20compression%20VCP%20top%20pick%20technical%20analysis,https://www.reddit.com/search/?q=PEP%20stock,https://twitter.com/search?q=PEP%20stock&f=live
CRGY,23,[ROCKET],"VOODOO,ENTRY_ZONE",-7.0,-11.9,49.3,,100.0,12.74,0.64,0.93,0.0,0.986,0.056,-4.05,CRGY stock compression VCP top pick technical analysis,https://www.google.com/search?q=CRGY%20stock%20compression%20VCP%20top%20pick%20technical%20analysis,https://www.reddit.com/search/?q=CRGY%20stock,https://twitter.com/search?q=CRGY%20stock&f=live
DOW,23,[ROCKET],"VOODOO,ENTRY_ZONE",-4.4,-10.3,45.7,,100.0,39.01,0.65,0.932,0.0,1.001,0.088,-2.59,DOW stock compression VCP top pick technical analysis,https://www.google.com/search?q=DOW%20stock%20compression%20VCP%20top%20pick%20technical%20analysis,https://www.reddit.com/search/?q=DOW%20stock,https://twitter.com/search?q=DOW%20stock&f=live
GILD,23,[ROCKET],"VOODOO,ENTRY_ZONE",3.5,3.3,21.5,,79.3,138.99,0.96,0.957,0.0,0.994,-0.0199,0.0,GILD stock compression VCP top pick technical analysis,https://www.google.com/search?q=GILD%20stock%20compression%20VCP%20top%20pick%20technical%20analysis,https://www.reddit.com/search/?q=GILD%20stock,https://twitter.com/search?q=GILD%20stock&f=live
SU,23,[ROCKET],"VOODOO,ENTRY_ZONE",-3.3,-10.6,23.9,,100.0,64.43,0.86,0.965,0.0,1.005,0.0574,-1.36,SU stock compression VCP top pick technical analysis,https://www.google.com/search?q=SU%20stock%20compression%20VCP%20top%20pick%20technical%20analysis,https://www.reddit.com/search/?q=SU%20stock,https://twitter.com/search?q=SU%20stock&f=live
EXC,23,[ROCKET],"VOODOO,ENTRY_ZONE",0.5,1.8,21.3,V,78.7,48.57,0.95,0.966,0.288,0.997,-0.0005,0.0,EXC stock compression VCP top pick technical analysis,https://www.google.com/search?q=EXC%20stock%20compression%20VCP%20top%20pick%20technical%20analysis,https://www.reddit.com/search/?q=EXC%20stock,https://twitter.com/search?q=EXC%20stock&f=live
BCRX,23,[ROCKET],"VOODOO,ENTRY_ZONE",2.5,-15.4,63.0,V,100.0,9.56,0.92,0.967,0.249,1.013,0.0474,0.27,BCRX stock compression VCP top pick technical analysis,https://www.google.com/search?q=BCRX%20stock%20compression%20VCP%20top%20pick%20technical%20analysis,https://www.reddit.com/search/?q=BCRX%20stock,https://twitter.com/search?q=BCRX%20stock&f=live
CVE,23,[ROCKET],"VOODOO,ENTRY_ZONE",-3.5,-15.3,32.6,,100.0,25.87,0.75,0.951,0.0,1.015,0.0658,-1.51,CVE stock compression VCP top pick technical analysis,https://www.google.com/search?q=CVE%20stock%20compression%20VCP%20top%20pick%20technical%20analysis,https://www.reddit.com/search/?q=CVE%20stock,https://twitter.com/search?q=CVE%20stock&f=live
HAL,23,[ROCKET],"VOODOO,ENTRY_ZONE",-7.0,-12.2,35.1,,82.6,37.59,0.74,0.93,0.222,1.002,0.0413,-0.24,HAL stock compression VCP top pick technical analysis,https://www.google.com/search?q=HAL%20stock%20compression%20VCP%20top%20pick%20technical%20analysis,https://www.reddit.com/search/?q=HAL%20stock,https://twitter.com/search?q=HAL%20stock&f=live
CZR,23,[ROCKET],"VOODOO,ENTRY_ZONE",4.0,4.9,28.1,V,73.7,26.88,1.07,0.958,0.287,1.005,0.0019,0.0,CZR stock compression VCP top pick technical analysis,https://www.google.com/search?q=CZR%20stock%20compression%20VCP%20top%20pick%20technical%20analysis,https://www.reddit.com/search/?q=CZR%20stock,https://twitter.com/search?q=CZR%20stock&f=live
SVM,23,[ROCKET],"TIGHT,HOOK,THRUST",12.4,-2.9,69.6,V,82.4,11.5,1.17,1.0,0.737,1.096,-0.0475,2.29,SVM stock inflection momentum top pick technical analysis,https://www.google.com/search?q=SVM%20stock%20inflection%20momentum%20top%20pick%20technical%20analysis,https://www.reddit.com/search/?q=SVM%20stock,https://twitter.com/search?q=SVM%20stock&f=live
LIN,23,[ROCKET],"VOODOO,ENTRY_ZONE",2.4,-1.1,18.0,,83.5,503.15,0.65,1.0,0.228,1.018,0.0087,1.59,LIN stock compression VCP top pick technical analysis,https://www.google.com/search?q=LIN%20stock%20compression%20VCP%20top%20pick%20technical%20analysis,https://www.reddit.com/search/?q=LIN%20stock,https://twitter.com/search?q=LIN%20stock&f=live
BP,23,[ROCKET],"VOODOO,ENTRY_ZONE",-0.5,-11.0,28.1,,100.0,46.44,0.76,0.978,0.107,1.019,0.0696,-1.1,BP stock compression VCP top pick technical analysis,https://www.google.com/search?q=BP%20stock%20compression%20VCP%20top%20pick%20technical%20analysis,https://www.reddit.com/search/?q=BP%20stock,https://twitter.com/search?q=BP%20stock&f=live
MU,20,[ROCKET],"VOODOO,THRUST",17.8,12.6,78.5,,100.0,420.59,0.86,0.911,0.343,1.058,-0.0218,0.0,MU stock compression VCP momentum top pick technical analysis,https://www.google.com/search?q=MU%20stock%20compression%20VCP%20momentum%20top%20pick%20technical%20analysis,https://www.reddit.com/search/?q=MU%20stock,https://twitter.com/search?q=MU%20stock&f=live
VLY,20,[ROCKET],"VOODOO,THRUST",9.3,-7.2,23.6,,78.7,13.06,0.73,0.986,0.0,1.066,0.0173,1.51,VLY stock compression VCP momentum top pick technical analysis,https://www.google.com/search?q=VLY%20stock%20compression%20VCP%20momentum%20top%20pick%20technical%20analysis,https://www.reddit.com/search/?q=VLY%20stock,https://twitter.com/search?q=VLY%20stock&f=live
C,20,[ROCKET],"VOODOO,THRUST",15.8,-11.7,34.8,,76.5,124.39,0.8,0.996,0.0,1.097,0.0362,1.5,C stock compression VCP momentum top pick technical analysis,https://www.google.com/search?q=C%20stock%20compression%20VCP%20momentum%20top%20pick%20technical%20analysis,https://www.reddit.com/search/?q=C%20stock,https://twitter.com/search?q=C%20stock&f=live
ALM,20,[ROCKET],"VOODOO,THRUST",19.9,16.6,105.1,,100.0,17.88,0.56,0.909,0.111,1.083,-0.1022,0.0,ALM stock compression VCP momentum top pick technical analysis,https://www.google.com/search?q=ALM%20stock%20compression%20VCP%20momentum%20top%20pick%20technical%20analysis,https://www.reddit.com/search/?q=ALM%20stock,https://twitter.com/search?q=ALM%20stock&f=live
MRVL,18,[FIRE],"LAUNCH,HOOK,THRUST,OVERHEAT",35.5,-28.9,73.0,,100.0,128.49,1.42,1.0,0.395,1.291,0.1221,1.87,MRVL stock breakout high volume inflection momentum top pick technical analysis,https://www.google.com/search?q=MRVL%20stock%20breakout%20high%20volume%20inflection%20momentum%20top%20pick%20technical%20analysis,https://www.reddit.com/search/?q=MRVL%20stock,https://twitter.com/search?q=MRVL%20stock&f=live
CRWV,18,[FIRE],"LAUNCH,HOOK,THRUST,OVERHEAT",36.3,0.3,87.8,,81.2,102.0,2.07,1.0,0.195,1.23,0.0415,4.03,CRWV stock breakout high volume inflection momentum top pick technical analysis,https://www.google.com/search?q=CRWV%20stock%20breakout%20high%20volume%20inflection%20momentum%20top%20pick%20technical%20analysis,https://www.reddit.com/search/?q=CRWV%20stock,https://twitter.com/search?q=CRWV%20stock&f=live
AEHR,18,[FIRE],"LAUNCH,HOOK,THRUST,OVERHEAT",116.6,-62.4,162.3,,100.0,70.43,0.71,1.0,0.0,1.643,0.1153,2.1,AEHR stock breakout high volume inflection momentum top pick technical analysis,https://www.google.com/search?q=AEHR%20stock%20breakout%20high%20volume%20inflection%20momentum%20top%20pick%20technical%20analysis,https://www.reddit.com/search/?q=AEHR%20stock,https://twitter.com/search?q=AEHR%20stock&f=live
KIM,16,[ROCKET],"ENTRY_ZONE,HOOK",4.3,2.0,18.3,V,81.0,23.17,1.35,0.997,0.231,1.022,-0.0109,5.0,KIM stock inflection top pick technical analysis,https://www.google.com/search?q=KIM%20stock%20inflection%20top%20pick%20technical%20analysis,https://www.reddit.com/search/?q=KIM%20stock,https://twitter.com/search?q=KIM%20stock&f=live
BKR,15,[ROCKET],VOODOO,-0.6,-12.3,35.8,,100.0,62.83,0.94,0.99,0.35,1.036,0.0094,0.99,BKR stock compression VCP top pick technical analysis,https://www.google.com/search?q=BKR%20stock%20compression%20VCP%20top%20pick%20technical%20analysis,https://www.reddit.com/search/?q=BKR%20stock,https://twitter.com/search?q=BKR%20stock&f=live
AA,15,[VOODOO_ENTRY],"VOODOO,TIGHT,THRUST,OVERHEAT",25.0,-12.0,65.8,,80.6,73.03,0.64,0.997,0.542,1.126,0.0583,0.86,AA stock compression VCP momentum top pick technical analysis,https://www.google.com/search?q=AA%20stock%20compression%20VCP%20momentum%20top%20pick%20technical%20analysis,https://www.reddit.com/search/?q=AA%20stock,https://twitter.com/search?q=AA%20stock&f=live
CNTA,15,[VOODOO_ENTRY],"VOODOO,TIGHT,THRUST,OVERHEAT",37.6,-50.4,164.6,,100.0,39.48,0.52,0.99,0.955,1.21,0.1896,-0.06,CNTA stock compression VCP momentum top pick technical analysis,https://www.google.com/search?q=CNTA%20stock%20compression%20VCP%20momentum%20top%20pick%20technical%20analysis,https://www.reddit.com/search/?q=CNTA%20stock,https://twitter.com/search?q=CNTA%20stock&f=live
SLB,15,[ROCKET],VOODOO,-3.0,-11.8,40.2,,76.4,51.92,0.97,0.97,0.404,1.047,0.0299,1.19,SLB stock compression VCP top pick technical analysis,https://www.google.com/search?q=SLB%20stock%20compression%20VCP%20top%20pick%20technical%20analysis,https://www.reddit.com/search/?q=SLB%20stock,https://twitter.com/search?q=SLB%20stock&f=live
APLS,15,[VOODOO_ENTRY],"VOODOO,TIGHT,THRUST,OVERHEAT",140.4,-115.0,482.8,,100.0,40.79,1.17,1.0,0.991,1.515,0.4351,0.03,APLS stock compression VCP momentum top pick technical analysis,https://www.google.com/search?q=APLS%20stock%20compression%20VCP%20momentum%20top%20pick%20technical%20analysis,https://www.reddit.com/search/?q=APLS%20stock,https://twitter.com/search?q=APLS%20stock&f=live
PBR-A,15,[ROCKET],VOODOO,4.0,-13.5,38.5,,100.0,19.55,0.61,1.0,0.0,1.072,0.0664,0.84,PBR-A stock compression VCP top pick technical analysis,https://www.google.com/search?q=PBR-A%20stock%20compression%20VCP%20top%20pick%20technical%20analysis,https://www.reddit.com/search/?q=PBR-A%20stock,https://twitter.com/search?q=PBR-A%20stock&f=live
DELL,15,[ROCKET],VOODOO,3.5,-14.6,54.1,V,100.0,177.8,0.83,0.959,0.141,1.056,0.0774,0.71,DELL stock compression VCP top pick technical analysis,https://www.google.com/search?q=DELL%20stock%20compression%20VCP%20top%20pick%20technical%20analysis,https://www.reddit.com/search/?q=DELL%20stock,https://twitter.com/search?q=DELL%20stock&f=live
CTRA,15,[ROCKET],VOODOO,-8.0,-7.6,29.4,,100.0,33.41,0.84,0.92,0.0,0.976,0.0474,-4.0,CTRA stock compression VCP top pick technical analysis,https://www.google.com/search?q=CTRA%20stock%20compression%20VCP%20top%20pick%20technical%20analysis,https://www.reddit.com/search/?q=CTRA%20stock,https://twitter.com/search?q=CTRA%20stock&f=live
FLG,15,[ROCKET],VOODOO,7.6,-11.6,24.9,V,72.5,14.04,0.79,0.994,0.348,1.072,0.0334,1.02,FLG stock compression VCP top pick technical analysis,https://www.google.com/search?q=FLG%20stock%20compression%20VCP%20top%20pick%20technical%20analysis,https://www.reddit.com/search/?q=FLG%20stock,https://twitter.com/search?q=FLG%20stock&f=live
CSX,15,[ROCKET],VOODOO,6.5,-5.6,21.8,V,88.3,42.24,0.76,0.994,0.342,1.049,0.0031,1.03,CSX stock compression VCP top pick technical analysis,https://www.google.com/search?q=CSX%20stock%20compression%20VCP%20top%20pick%20technical%20analysis,https://www.reddit.com/search/?q=CSX%20stock,https://twitter.com/search?q=CSX%20stock&f=live
DVN,15,[ROCKET],VOODOO,-8.2,-7.1,29.4,,100.0,47.79,0.81,0.918,0.0,0.974,0.0466,-4.83,DVN stock compression VCP top pick technical analysis,https://www.google.com/search?q=DVN%20stock%20compression%20VCP%20top%20pick%20technical%20analysis,https://www.reddit.com/search/?q=DVN%20stock,https://twitter.com/search?q=DVN%20stock&f=live
EQNR,15,[ROCKET],VOODOO,-6.2,-17.7,49.2,,100.0,38.96,0.9,0.919,0.0,0.976,0.103,-3.22,EQNR stock compression VCP top pick technical analysis,https://www.google.com/search?q=EQNR%20stock%20compression%20VCP%20top%20pick%20technical%20analysis,https://www.reddit.com/search/?q=EQNR%20stock,https://twitter.com/search?q=EQNR%20stock&f=live
LYB,15,[ROCKET],VOODOO,-8.4,-8.2,55.0,,100.0,73.72,0.62,0.895,0.0,0.971,0.0805,-13.8,LYB stock compression VCP top pick technical analysis,https://www.google.com/search?q=LYB%20stock%20compression%20VCP%20top%20pick%20technical%20analysis,https://www.reddit.com/search/?q=LYB%20stock,https://twitter.com/search?q=LYB%20stock&f=live
ERIC,13,[WATCH],"HOOK,THRUST",8.2,-2.4,34.1,,100.0,11.88,1.24,0.998,0.322,1.041,0.0131,2.24,ERIC stock inflection momentum technical analysis,https://www.google.com/search?q=ERIC%20stock%20inflection%20momentum%20technical%20analysis,https://www.reddit.com/search/?q=ERIC%20stock,https://twitter.com/search?q=ERIC%20stock&f=live
WDC,13,[WATCH],"VOODOO,HOOK,THRUST,OVERHEAT",24.7,-13.2,86.5,,100.0,343.43,0.85,1.0,0.391,1.149,0.073,2.21,WDC stock compression VCP inflection momentum technical analysis,https://www.google.com/search?q=WDC%20stock%20compression%20VCP%20inflection%20momentum%20technical%20analysis,https://www.reddit.com/search/?q=WDC%20stock,https://twitter.com/search?q=WDC%20stock&f=live
ETN,13,[WATCH],"HOOK,THRUST",12.8,-2.6,38.8,,98.1,403.0,1.09,1.0,0.252,1.099,0.0205,3.29,ETN stock inflection momentum technical analysis,https://www.google.com/search?q=ETN%20stock%20inflection%20momentum%20technical%20analysis,https://www.reddit.com/search/?q=ETN%20stock,https://twitter.com/search?q=ETN%20stock&f=live
ASX,13,[WATCH],"HOOK,THRUST",15.5,-5.4,46.4,,100.0,24.84,0.95,1.0,0.0,1.119,0.0172,2.74,ASX stock inflection momentum technical analysis,https://www.google.com/search?q=ASX%20stock%20inflection%20momentum%20technical%20analysis,https://www.reddit.com/search/?q=ASX%20stock,https://twitter.com/search?q=ASX%20stock&f=live
CAT,13,[WATCH],"HOOK,THRUST",13.7,-4.3,41.6,,100.0,790.66,0.89,1.0,0.006,1.105,0.0138,2.87,CAT stock inflection momentum technical analysis,https://www.google.com/search?q=CAT%20stock%20inflection%20momentum%20technical%20analysis,https://www.reddit.com/search/?q=CAT%20stock,https://twitter.com/search?q=CAT%20stock&f=live
NOK,13,[WATCH],"HOOK,THRUST",18.5,-8.4,46.4,,100.0,9.46,0.91,0.991,0.0,1.111,0.0459,1.87,NOK stock inflection momentum technical analysis,https://www.google.com/search?q=NOK%20stock%20inflection%20momentum%20technical%20analysis,https://www.reddit.com/search/?q=NOK%20stock,https://twitter.com/search?q=NOK%20stock&f=live
TSM,13,[WATCH],"HOOK,THRUST",13.4,-1.4,45.6,,81.2,370.6,1.28,1.0,0.172,1.084,-0.0039,3.47,TSM stock inflection momentum technical analysis,https://www.google.com/search?q=TSM%20stock%20inflection%20momentum%20technical%20analysis,https://www.reddit.com/search/?q=TSM%20stock,https://twitter.com/search?q=TSM%20stock&f=live
CARR,13,[WATCH],"HOOK,THRUST",16.8,0.1,45.2,,82.8,63.34,1.29,1.0,0.024,1.106,-0.017,4.03,CARR stock inflection momentum technical analysis,https://www.google.com/search?q=CARR%20stock%20inflection%20momentum%20technical%20analysis,https://www.reddit.com/search/?q=CARR%20stock,https://twitter.com/search?q=CARR%20stock&f=live
ANET,13,[WATCH],"HOOK,THRUST",22.0,6.4,63.4,,89.6,147.35,1.0,1.0,0.031,1.117,-0.008,5.0,ANET stock inflection momentum technical analysis,https://www.google.com/search?q=ANET%20stock%20inflection%20momentum%20technical%20analysis,https://www.reddit.com/search/?q=ANET%20stock,https://twitter.com/search?q=ANET%20stock&f=live
ON,13,[WATCH],"HOOK,THRUST",17.7,-9.1,57.7,,80.6,68.65,0.96,1.0,0.177,1.109,0.0239,2.04,ON stock inflection momentum technical analysis,https://www.google.com/search?q=ON%20stock%20inflection%20momentum%20technical%20analysis,https://www.reddit.com/search/?q=ON%20stock,https://twitter.com/search?q=ON%20stock&f=live
AMAT,13,[WATCH],"HOOK,THRUST",18.5,-3.7,55.9,,100.0,399.49,1.23,1.0,0.0,1.119,0.0187,3.23,AMAT stock inflection momentum technical analysis,https://www.google.com/search?q=AMAT%20stock%20inflection%20momentum%20technical%20analysis,https://www.reddit.com/search/?q=AMAT%20stock,https://twitter.com/search?q=AMAT%20stock&f=live
ASML,13,[WATCH],"HOOK,THRUST",13.5,3.5,53.2,,88.2,1478.28,0.93,1.0,0.0,1.089,-0.0042,5.0,ASML stock inflection momentum technical analysis,https://www.google.com/search?q=ASML%20stock%20inflection%20momentum%20technical%20analysis,https://www.reddit.com/search/?q=ASML%20stock,https://twitter.com/search?q=ASML%20stock&f=live
KLAC,13,[WATCH],"VOODOO,HOOK,THRUST,OVERHEAT",20.4,-9.7,50.4,,96.5,1737.28,0.96,1.0,0.023,1.141,0.0387,2.48,KLAC stock compression VCP inflection momentum technical analysis,https://www.google.com/search?q=KLAC%20stock%20compression%20VCP%20inflection%20momentum%20technical%20analysis,https://www.reddit.com/search/?q=KLAC%20stock,https://twitter.com/search?q=KLAC%20stock&f=live
XP,13,[WATCH],"HOOK,THRUST",12.9,-4.3,59.6,,84.5,19.99,1.14,1.0,0.221,1.057,-0.0192,2.35,XP stock inflection momentum technical analysis,https://www.google.com/search?q=XP%20stock%20inflection%20momentum%20technical%20analysis,https://www.reddit.com/search/?q=XP%20stock,https://twitter.com/search?q=XP%20stock&f=live
SNDK,13,[WATCH],"VOODOO,HOOK,THRUST,OVERHEAT",38.3,-11.2,96.9,,100.0,851.77,0.89,1.0,0.137,1.204,0.0896,2.67,SNDK stock compression VCP inflection momentum technical analysis,https://www.google.com/search?q=SNDK%20stock%20compression%20VCP%20inflection%20momentum%20technical%20analysis,https://www.reddit.com/search/?q=SNDK%20stock,https://twitter.com/search?q=SNDK%20stock&f=live
FAST,13,[WATCH],"HOOK,THRUST",9.4,-1.0,26.9,,87.1,49.17,1.0,1.0,0.0,1.072,0.0052,3.56,FAST stock inflection momentum technical analysis,https://www.google.com/search?q=FAST%20stock%20inflection%20momentum%20technical%20analysis,https://www.reddit.com/search/?q=FAST%20stock,https://twitter.com/search?q=FAST%20stock&f=live
ARM,10,[WATCH],TIGHT,3.3,-28.6,83.4,,100.0,148.93,1.22,0.948,0.534,1.058,0.0992,0.02,ARM stock technical analysis,https://www.google.com/search?q=ARM%20stock%20technical%20analysis,https://www.reddit.com/search/?q=ARM%20stock,https://twitter.com/search?q=ARM%20stock&f=live
GEV,8,[WATCH],"TIGHT,HOOK,THRUST,OVERHEAT",16.2,-12.7,48.9,,100.0,991.32,1.16,1.0,0.553,1.121,0.0396,2.01,GEV stock inflection momentum technical analysis,https://www.google.com/search?q=GEV%20stock%20inflection%20momentum%20technical%20analysis,https://www.reddit.com/search/?q=GEV%20stock,https://twitter.com/search?q=GEV%20stock&f=live
AMPX,8,[WATCH],ENTRY_ZONE,6.8,2.1,96.1,,100.0,17.22,0.94,0.889,0.0,0.991,0.0237,0.0,AMPX stock technical analysis,https://www.google.com/search?q=AMPX%20stock%20technical%20analysis,https://www.reddit.com/search/?q=AMPX%20stock,https://twitter.com/search?q=AMPX%20stock&f=live
AMD,8,[WATCH],"TIGHT,HOOK,THRUST,OVERHEAT",21.3,-15.4,50.9,V,73.2,245.04,1.16,1.0,0.482,1.164,0.0474,1.93,AMD stock inflection momentum technical analysis,https://www.google.com/search?q=AMD%20stock%20inflection%20momentum%20technical%20analysis,https://www.reddit.com/search/?q=AMD%20stock,https://twitter.com/search?q=AMD%20stock&f=live
IBRX,5,[VOODOO_ENTRY],"VOODOO,TIGHT,BROKEN",-1.4,16.1,130.1,V,100.0,7.28,0.91,0.774,0.454,0.941,-0.0893,0.0,IBRX stock compression VCP technical analysis,https://www.google.com/search?q=IBRX%20stock%20compression%20VCP%20technical%20analysis,https://www.reddit.com/search/?q=IBRX%20stock,https://twitter.com/search?q=IBRX%20stock&f=live
GSK,5,[WATCH],THRUST,8.1,-5.8,24.2,V,85.0,58.21,1.25,0.997,0.0,1.066,0.0055,1.53,GSK stock momentum technical analysis,https://www.google.com/search?q=GSK%20stock%20momentum%20technical%20analysis,https://www.reddit.com/search/?q=GSK%20stock,https://twitter.com/search?q=GSK%20stock&f=live
NIO,5,[WATCH],THRUST,22.4,-6.8,71.8,,100.0,6.5,1.34,1.0,0.0,1.096,0.0927,1.63,NIO stock momentum technical analysis,https://www.google.com/search?q=NIO%20stock%20momentum%20technical%20analysis,https://www.reddit.com/search/?q=NIO%20stock,https://twitter.com/search?q=NIO%20stock&f=live
